CPIAUCSL,FEDFUNDS,M2SL,M2V,GDPC1
29.37,3.99,298.2,1.817,3517.181
29.41,3.97,298.4,1.8103333333333333,3510.8693333333335
29.41,3.84,299.3,1.8036666666666665,3504.5576666666666
29.54,3.92,300.1,1.797,3498.246
29.57,3.85,300.9,1.7913333333333332,3503.9590000000003
29.61,3.32,302.3,1.7856666666666667,3509.672
29.55,3.23,304.1,1.78,3515.385
29.61,2.98,306.9,1.7656666666666667,3500.3493333333336
29.61,2.6,308.4,1.7513333333333334,3485.3136666666664
29.75,2.47,309.5,1.737,3470.278
29.78,2.44,310.9,1.7323333333333335,3478.086333333333
29.81,1.98,312.4,1.7276666666666667,3485.8946666666666
29.84,1.45,314.1,1.723,3493.703
29.84,2.54,316.5,1.7236666666666667,3513.4756666666667
29.84,2.02,318.3,1.7243333333333335,3533.2483333333334
29.81,1.49,319.9,1.725,3553.021
29.84,1.98,322.2,1.7276666666666667,3575.764666666667
29.84,1.73,324.3,1.7303333333333335,3598.508333333333
29.92,1.17,325.6,1.733,3621.252
29.94,2.0,327.6,1.736,3644.931
29.98,1.88,329.5,1.739,3668.61
29.98,2.26,331.1,1.742,3692.289
29.98,2.61,333.4,1.7433333333333334,3714.241666666667
30.01,2.33,335.5,1.7446666666666666,3736.1943333333334
30.04,2.15,337.5,1.746,3758.147
30.11,2.37,340.1,1.74,3769.4809999999998
30.17,2.85,343.1,1.734,3780.815
30.21,2.78,345.5,1.728,3792.149
30.24,2.36,347.5,1.7273333333333334,3807.691333333333
30.21,2.68,349.3,1.7266666666666666,3823.2336666666665
30.22,2.71,350.8,1.726,3838.776
30.28,2.93,352.8,1.7176666666666667,3842.991
30.42,2.9,354.9,1.7093333333333334,3847.2059999999997
30.38,2.9,357.2,1.701,3851.421
30.38,2.94,359.8,1.6973333333333334,3865.441333333333
30.38,2.93,362.7,1.6936666666666667,3879.4616666666666
30.44,2.92,365.2,1.69,3893.482
30.48,3.0,367.9,1.685,3908.049
30.51,2.98,370.7,1.68,3922.616
30.48,2.9,373.3,1.675,3937.183
30.51,3.0,376.1,1.6766666666666667,3966.0403333333334
30.61,2.99,378.4,1.6783333333333332,3994.8976666666667
30.69,3.02,381.1,1.68,4023.755
30.75,3.49,383.6,1.6773333333333333,4032.5523333333335
30.72,3.48,386.0,1.6746666666666665,4041.3496666666665
30.75,3.5,388.3,1.672,4050.147
30.78,3.48,391.5,1.6763333333333332,4078.6156666666666
30.88,3.38,393.2,1.6806666666666668,4107.084333333333
30.94,3.48,395.2,1.685,4135.553
30.91,3.48,397.6,1.683,4150.566
30.94,3.43,399.8,1.681,4165.579
30.95,3.47,401.7,1.679,4180.592
30.98,3.5,404.2,1.6773333333333333,4202.367333333333
31.01,3.5,407.1,1.6756666666666666,4224.142666666667
31.02,3.42,410.1,1.674,4245.918
31.05,3.5,413.4,1.667,4250.294
31.08,3.45,416.9,1.66,4254.67
31.12,3.36,419.1,1.653,4259.046
31.21,3.52,422.0,1.658,4293.401
31.25,3.85,424.7,1.663,4327.756
31.28,3.9,427.5,1.668,4362.111
31.28,3.98,430.4,1.6683333333333332,4380.482333333333
31.31,4.05,433.2,1.6686666666666667,4398.853666666667
31.38,4.09,435.4,1.669,4417.225
31.48,4.1,437.1,1.6726666666666667,4449.959
31.61,4.05,440.1,1.6763333333333332,4482.693
31.58,4.09,442.9,1.68,4515.427
31.55,4.12,445.8,1.6843333333333332,4550.103999999999
31.62,4.02,449.5,1.6886666666666668,4584.781
31.65,4.08,452.6,1.693,4619.458
31.75,4.1,455.7,1.6996666666666667,4656.934666666666
31.85,4.32,459.2,1.7063333333333335,4694.4113333333335
31.88,4.42,462.0,1.713,4731.888
32.08,4.6,464.6,1.7126666666666668,4737.274
32.18,4.66,467.2,1.7123333333333333,4742.66
32.28,4.67,469.3,1.712,4748.046
32.35,4.9,470.1,1.719,4761.448666666667
32.38,5.17,471.2,1.726,4774.851333333333
32.45,5.3,470.9,1.733,4788.254
32.65,5.53,472.6,1.7366666666666668,4801.348333333333
32.75,5.4,475.4,1.7403333333333333,4814.442666666667
32.85,5.53,475.7,1.744,4827.537
32.88,5.76,477.3,1.7423333333333333,4841.791
32.92,5.4,480.2,1.7406666666666668,4856.045
32.9,4.94,481.6,1.739,4870.299
33.0,5.0,485.1,1.7286666666666668,4871.295
33.0,4.53,489.7,1.7183333333333333,4872.291
33.1,4.05,492.1,1.708,4873.287
33.1,3.94,497.2,1.7036666666666667,4888.655333333333
33.3,3.98,502.0,1.6993333333333334,4904.023666666667
33.4,3.79,506.3,1.695,4919.392
33.5,3.9,510.8,1.6936666666666667,4931.7536666666665
33.6,3.99,514.7,1.6923333333333335,4944.115333333333
33.7,3.88,518.2,1.691,4956.477
33.9,4.13,521.2,1.699,4990.169
34.0,4.51,524.8,1.707,5023.861
34.1,4.61,527.4,1.715,5057.553
34.2,4.71,530.4,1.721,5085.713
34.3,5.05,533.2,1.727,5113.8730000000005
34.4,5.76,535.7,1.733,5142.033
34.5,6.12,538.9,1.732,5155.308333333333
34.7,6.07,542.6,1.731,5168.583666666667
34.9,6.03,545.6,1.73,5181.859
35.0,6.03,549.4,1.7273333333333334,5188.643333333333
35.1,5.78,553.6,1.7246666666666666,5195.427666666667
35.3,5.91,557.6,1.722,5202.212
35.4,5.82,562.4,1.727,5229.340333333334
35.6,6.02,566.8,1.732,5256.468666666667
35.7,6.3,569.3,1.737,5283.597
35.8,6.61,571.9,1.741,5288.939666666666
36.1,6.79,574.4,1.745,5294.282333333334
36.3,7.41,575.7,1.749,5299.625
36.4,8.67,576.5,1.7573333333333334,5311.283333333334
36.6,8.9,578.5,1.7656666666666667,5322.941666666667
36.8,8.61,579.5,1.774,5334.6
36.9,9.19,580.1,1.7736666666666667,5325.9186666666665
37.1,9.15,582.1,1.7733333333333332,5317.2373333333335
37.3,9.0,583.4,1.773,5308.556
37.5,8.85,585.4,1.7783333333333333,5305.921333333333
37.7,8.97,587.9,1.7836666666666665,5303.286666666667
37.9,8.98,589.6,1.789,5300.652
38.1,8.98,586.3,1.794,5303.156
38.3,7.76,587.3,1.799,5305.66
38.5,8.1,588.4,1.804,5308.164
38.6,7.95,591.5,1.801,5324.468333333333
38.8,7.61,595.2,1.798,5340.772666666667
38.9,7.21,599.1,1.795,5357.077
39.0,6.62,604.9,1.7806666666666666,5337.942
39.2,6.29,611.2,1.7663333333333333,5318.807
39.4,6.2,616.4,1.752,5299.672
39.6,5.6,621.1,1.758,5347.654333333333
39.8,4.9,626.5,1.764,5395.636666666666
39.9,4.14,632.9,1.77,5443.619
39.9,3.72,641.0,1.7586666666666666,5453.432333333333
40.0,3.71,649.9,1.7473333333333334,5463.245666666667
40.1,4.16,658.4,1.736,5473.059
40.3,4.63,666.7,1.7296666666666667,5488.0633333333335
40.5,4.91,673.0,1.7233333333333334,5503.067666666667
40.6,5.31,679.6,1.717,5518.072
40.7,5.57,685.5,1.708,5522.392
40.8,5.55,692.5,1.699,5526.712
40.9,5.2,698.4,1.69,5531.032
41.0,4.91,704.6,1.692,5564.904333333334
41.1,4.14,710.3,1.694,5598.776666666667
41.2,3.51,717.7,1.696,5632.649
41.4,3.3,725.7,1.6983333333333333,5675.256
41.4,3.83,733.5,1.7006666666666668,5717.863
41.5,4.17,738.4,1.703,5760.47
41.6,4.27,743.3,1.695,5778.598
41.7,4.46,749.7,1.687,5796.726000000001
41.8,4.55,759.5,1.679,5814.854
41.9,4.81,768.7,1.677,5847.309333333334
42.1,4.87,778.3,1.675,5879.764666666667
42.2,5.05,786.9,1.673,5912.22
42.4,5.06,793.9,1.68,5960.9946666666665
42.5,5.33,802.3,1.687,6009.769333333334
42.7,5.94,810.3,1.694,6058.544
43.0,6.58,814.1,1.6993333333333334,6080.531333333333
43.4,7.09,815.3,1.7046666666666666,6102.518666666667
43.7,7.12,819.7,1.71,6124.506
43.9,7.84,826.8,1.7103333333333333,6113.771000000001
44.2,8.49,833.3,1.7106666666666668,6103.036
44.2,10.4,836.5,1.711,6092.301
45.0,10.5,838.8,1.7203333333333335,6111.577666666667
45.2,10.78,839.3,1.7296666666666667,6130.854333333334
45.6,10.01,842.6,1.739,6150.131
45.9,10.03,848.9,1.7343333333333335,6132.506666666667
46.3,9.95,855.5,1.7296666666666667,6114.882333333333
46.8,9.65,859.7,1.725,6097.258
47.3,8.97,864.2,1.7326666666666668,6102.089
47.8,9.35,870.1,1.7403333333333333,6106.92
48.1,10.51,872.9,1.748,6111.751
48.6,11.31,874.6,1.7533333333333334,6092.493333333334
49.0,11.93,877.8,1.7586666666666666,6073.2356666666665
49.3,12.92,881.4,1.764,6053.978
49.9,12.01,884.1,1.7696666666666667,6046.14
50.6,11.34,887.9,1.7753333333333332,6038.302
51.0,10.06,893.3,1.781,6030.464
51.5,9.45,898.6,1.776,6005.987666666667
51.9,8.53,902.1,1.771,5981.511333333333
52.3,7.13,906.3,1.766,5957.035
52.6,6.24,914.1,1.7576666666666667,5971.2266666666665
52.8,5.54,925.0,1.7493333333333334,5985.418333333333
53.0,5.49,935.1,1.741,5999.61
53.1,5.22,947.9,1.7403333333333335,6033.848666666667
53.5,5.55,963.0,1.7396666666666667,6068.087333333333
54.0,6.1,975.1,1.739,6102.326
54.2,6.14,983.1,1.7426666666666668,6129.727333333333
54.6,6.24,991.5,1.7463333333333333,6157.1286666666665
54.9,5.82,997.8,1.75,6184.53
55.3,5.22,1006.9,1.7506666666666666,6230.903
55.6,5.2,1016.2,1.7513333333333334,6277.276
55.8,4.87,1026.6,1.752,6323.649
55.9,4.77,1040.3,1.745,6339.107666666667
56.0,4.84,1050.0,1.738,6354.566333333333
56.1,4.82,1060.8,1.731,6370.025
56.4,5.29,1072.1,1.7263333333333335,6381.6483333333335
56.7,5.48,1077.6,1.7216666666666667,6393.2716666666665
57.0,5.31,1086.3,1.717,6404.895
57.3,5.29,1098.7,1.711,6420.3223333333335
57.6,5.25,1110.8,1.705,6435.749666666667
57.9,5.02,1125.0,1.699,6451.177
58.1,4.95,1138.2,1.6956666666666667,6476.685666666666
58.4,4.65,1152.0,1.6923333333333335,6502.194333333334
58.7,4.61,1165.2,1.689,6527.703
59.3,4.68,1177.6,1.693,6569.957333333334
59.6,4.69,1188.5,1.697,6612.211666666667
60.0,4.73,1199.6,1.701,6654.466
60.2,5.35,1209.0,1.705,6694.463000000001
60.5,5.39,1217.8,1.709,6734.46
60.8,5.42,1226.7,1.713,6774.457
61.1,5.9,1237.0,1.7136666666666667,6774.502
61.3,6.14,1246.2,1.7143333333333335,6774.547
61.6,6.47,1254.0,1.715,6774.592
62.0,6.51,1262.4,1.7143333333333335,6781.814666666666
62.3,6.56,1270.3,1.7136666666666667,6789.037333333334
62.7,6.7,1279.7,1.713,6796.26
63.0,6.78,1285.5,1.7353333333333334,6883.8133333333335
63.4,6.79,1292.2,1.7576666666666667,6971.366666666667
63.9,6.89,1300.4,1.78,7058.92
64.5,7.36,1310.5,1.785,7082.585
65.0,7.6,1318.5,1.79,7106.25
65.5,7.81,1324.1,1.795,7129.915
65.9,8.04,1333.5,1.804,7161.86
66.5,8.45,1345.0,1.813,7193.805
67.1,8.96,1352.3,1.822,7225.75
67.5,9.76,1359.1,1.8253333333333335,7230.075666666667
67.9,10.03,1366.0,1.8286666666666667,7234.401333333333
68.5,10.07,1371.6,1.832,7238.727
69.2,10.06,1377.8,1.833,7241.3026666666665
69.9,10.09,1387.8,1.834,7243.878333333333
70.6,10.01,1402.1,1.835,7246.454
71.4,10.24,1410.2,1.8386666666666667,7264.396333333333
72.2,10.29,1423.0,1.8423333333333334,7282.3386666666665
73.0,10.47,1434.8,1.846,7300.281
73.7,10.94,1446.6,1.8496666666666668,7306.365666666667
74.4,11.43,1454.1,1.8533333333333333,7312.450333333333
75.2,13.77,1460.4,1.857,7318.535
76.0,13.18,1465.9,1.861,7326.209
76.9,13.78,1473.7,1.865,7333.883
78.0,13.82,1482.7,1.869,7341.557
79.0,14.13,1494.6,1.8616666666666666,7291.134333333333
80.1,17.19,1499.8,1.8543333333333334,7240.711666666666
80.9,17.61,1502.2,1.847,7190.289
81.7,10.98,1512.3,1.8416666666666666,7187.440333333333
82.5,9.47,1529.2,1.8363333333333334,7184.591666666667
82.6,9.03,1545.5,1.831,7181.743
83.2,9.61,1561.5,1.8453333333333333,7226.3876666666665
83.9,10.87,1574.0,1.8596666666666668,7271.032333333334
84.7,12.81,1584.8,1.874,7315.677
85.6,15.85,1595.8,1.8920000000000001,7363.458666666666
86.4,18.9,1599.8,1.91,7411.240333333333
87.2,19.08,1606.9,1.928,7459.022
88.0,15.93,1618.7,1.9186666666666665,7440.596333333333
88.6,14.7,1636.6,1.9093333333333333,7422.170666666667
89.1,15.72,1659.2,1.9,7403.745
89.7,18.52,1664.2,1.9083333333333332,7433.298333333333
90.5,19.1,1670.3,1.9166666666666667,7462.8516666666665
91.5,19.04,1681.9,1.925,7492.405
92.2,17.82,1694.3,1.9126666666666667,7465.192666666667
93.1,15.87,1706.0,1.9003333333333332,7437.980333333333
93.4,15.08,1721.8,1.888,7410.768
93.8,13.31,1736.1,1.8726666666666667,7372.389
94.1,12.37,1755.5,1.8573333333333333,7334.01
94.4,13.22,1770.4,1.842,7295.631
94.7,14.78,1774.5,1.84,7306.724666666667
94.7,14.68,1786.5,1.838,7317.818333333334
95.0,14.94,1803.9,1.836,7328.912
95.9,14.45,1815.4,1.8323333333333334,7319.573333333334
97.0,14.15,1826.0,1.8286666666666667,7310.234666666666
97.5,12.59,1831.5,1.825,7300.896
97.7,10.12,1845.2,1.818,7301.8696666666665
97.7,10.31,1858.4,1.811,7302.843333333333
98.1,9.71,1869.7,1.804,7303.817
98.0,9.2,1883.7,1.7843333333333333,7335.9
97.7,8.95,1905.9,1.7646666666666668,7367.983
97.9,8.68,1959.4,1.745,7400.066
98.0,8.51,1996.8,1.7476666666666667,7456.196
98.1,8.77,2015.2,1.7503333333333333,7512.326
98.8,8.8,2028.6,1.753,7568.456
99.2,8.63,2043.1,1.7616666666666665,7618.886
99.4,8.98,2053.5,1.7703333333333333,7669.316
99.8,9.37,2064.8,1.779,7719.746
100.1,9.56,2074.0,1.785,7773.428666666667
100.4,9.45,2083.2,1.791,7827.111333333333
100.8,9.48,2099.2,1.797,7880.794
101.1,9.34,2112.3,1.802,7932.1449999999995
101.4,9.47,2123.5,1.807,7983.496
102.1,9.56,2138.2,1.812,8034.847
102.6,9.59,2158.2,1.8146666666666667,8081.1213333333335
102.9,9.91,2175.2,1.8173333333333335,8127.395666666666
103.3,10.29,2191.7,1.82,8173.67
103.5,10.32,2204.1,1.823,8199.935
103.7,11.06,2215.1,1.826,8226.2
104.1,11.23,2223.5,1.829,8252.465
104.4,11.64,2230.4,1.8253333333333333,8275.043
104.7,11.3,2244.4,1.8216666666666668,8297.621000000001
105.1,9.99,2258.9,1.818,8320.199
105.3,9.43,2281.4,1.8116666666666668,8347.072666666667
105.5,8.38,2306.4,1.8053333333333332,8373.946333333333
105.7,8.35,2332.4,1.799,8400.82
106.3,8.5,2354.1,1.7976666666666665,8425.475666666667
106.8,8.58,2366.2,1.7963333333333333,8450.131333333333
107.0,8.27,2375.4,1.795,8474.787
107.2,7.97,2389.5,1.795,8517.931333333334
107.5,7.53,2412.6,1.795,8561.075666666666
107.7,7.88,2429.5,1.795,8604.22
107.9,7.9,2444.0,1.794,8625.542666666666
108.1,7.92,2456.4,1.793,8646.865333333333
108.5,7.99,2468.0,1.792,8668.188
109.0,8.05,2477.8,1.792,8695.167666666666
109.5,8.27,2492.1,1.792,8722.147333333334
109.9,8.14,2502.1,1.792,8749.127
109.7,7.86,2512.9,1.7813333333333334,8762.259333333333
109.1,7.48,2533.1,1.7706666666666666,8775.391666666666
108.7,6.99,2557.8,1.76,8788.524
109.0,6.85,2584.8,1.7536666666666667,8816.549666666666
109.4,6.92,2605.0,1.7473333333333334,8844.575333333334
109.5,6.56,2626.6,1.741,8872.601
109.6,6.17,2646.5,1.7343333333333335,8888.465
110.0,5.89,2667.8,1.7276666666666667,8904.329
110.2,5.85,2687.4,1.721,8920.193
110.4,6.04,2701.3,1.72,8942.251
110.8,6.91,2728.0,1.719,8964.309
111.4,6.43,2743.9,1.718,8986.367
111.8,6.1,2747.5,1.7233333333333334,9018.663333333334
112.2,6.13,2753.7,1.7286666666666666,9050.959666666666
112.7,6.37,2767.7,1.734,9083.256
113.0,6.85,2772.9,1.7396666666666667,9109.511999999999
113.5,6.73,2774.6,1.7453333333333332,9135.768
113.8,6.58,2779.0,1.751,9162.024
114.3,6.73,2788.2,1.7593333333333332,9214.46
114.7,7.22,2799.5,1.7676666666666667,9266.896
115.0,7.29,2814.8,1.776,9319.332
115.4,6.69,2818.9,1.7733333333333334,9335.388666666668
115.6,6.77,2826.4,1.7706666666666666,9351.445333333333
116.0,6.83,2847.4,1.768,9367.502
116.2,6.58,2870.4,1.77,9408.532666666666
116.5,6.58,2890.7,1.772,9449.563333333334
117.2,6.87,2910.7,1.774,9490.594
117.5,7.09,2926.0,1.7793333333333334,9509.131333333333
118.0,7.51,2938.4,1.7846666666666666,9527.668666666666
118.5,7.75,2947.2,1.79,9546.206
119.0,8.01,2952.0,1.7976666666666667,9588.605666666666
119.5,8.19,2956.9,1.8053333333333332,9631.005333333334
119.9,8.3,2965.3,1.813,9673.405
120.3,8.35,2980.2,1.822,9706.178333333333
120.7,8.76,2988.2,1.831,9738.951666666668
121.2,9.12,2991.7,1.84,9771.725
121.6,9.36,2992.2,1.847,9796.581
122.2,9.85,2999.7,1.854,9821.437
123.1,9.84,3006.0,1.861,9846.293
123.7,9.81,3011.6,1.8583333333333334,9870.604666666666
124.1,9.53,3027.9,1.8556666666666666,9894.916333333333
124.5,9.24,3052.4,1.853,9919.228
124.5,8.99,3074.4,1.8466666666666667,9925.741
124.8,9.02,3092.5,1.8403333333333334,9932.253999999999
125.4,8.84,3114.1,1.834,9938.767
125.9,8.55,3133.3,1.8386666666666667,9974.973333333333
126.3,8.45,3152.5,1.8433333333333335,10011.179666666667
127.5,8.23,3166.8,1.848,10047.386
128.0,8.24,3179.2,1.8516666666666668,10059.542333333333
128.6,8.28,3190.1,1.8553333333333333,10071.698666666667
128.9,8.26,3201.6,1.859,10083.855
129.1,8.18,3200.6,1.858,10086.092999999999
129.9,8.29,3213.7,1.857,10088.331
130.5,8.15,3224.5,1.856,10090.569
131.6,8.13,3242.0,1.8503333333333334,10059.947333333334
132.5,8.2,3254.6,1.8446666666666667,10029.325666666666
133.4,8.11,3259.3,1.839,9998.704
133.7,7.81,3262.6,1.8346666666666667,9983.108
134.2,7.31,3271.8,1.8303333333333334,9967.511999999999
134.7,6.91,3287.7,1.826,9951.916
134.8,6.25,3304.5,1.8283333333333334,9977.780666666666
134.8,6.12,3321.9,1.8306666666666667,10003.645333333334
135.1,5.91,3332.4,1.833,10029.51
135.6,5.78,3343.0,1.8386666666666667,10046.405
136.0,5.9,3351.9,1.8443333333333334,10063.3
136.2,5.82,3356.1,1.85,10080.195
136.6,5.66,3355.0,1.8536666666666668,10091.906333333332
137.0,5.45,3354.9,1.8573333333333333,10103.617666666667
137.2,5.21,3360.1,1.861,10115.329
137.8,4.81,3365.5,1.8653333333333333,10155.697666666667
138.2,4.43,3372.2,1.8696666666666668,10196.066333333332
138.3,4.03,3381.2,1.874,10236.435
138.6,4.06,3400.0,1.8843333333333334,10273.432999999999
139.1,3.98,3403.9,1.8946666666666667,10310.431
139.4,3.73,3399.7,1.905,10347.429
139.7,3.82,3398.6,1.9136666666666666,10381.510333333334
140.1,3.76,3393.4,1.9223333333333334,10415.591666666667
140.5,3.25,3393.9,1.931,10449.673
140.8,3.3,3398.8,1.9376666666666666,10485.998
141.1,3.22,3410.3,1.9443333333333335,10522.323
141.7,3.1,3423.8,1.951,10558.648
142.1,3.09,3426.5,1.9576666666666667,10564.523666666666
142.3,2.92,3424.7,1.9643333333333335,10570.399333333333
142.8,3.02,3419.1,1.971,10576.275
143.1,3.03,3414.5,1.9756666666666667,10596.798999999999
143.3,3.07,3411.7,1.9803333333333335,10617.323
143.8,2.96,3411.3,1.985,10637.847
144.2,3.0,3436.9,1.989,10654.766666666666
144.3,3.04,3442.4,1.993,10671.686333333333
144.5,3.06,3442.0,1.997,10688.606
144.8,3.03,3445.7,2.005666666666667,10737.066333333332
145.0,3.09,3452.2,2.0143333333333335,10785.526666666667
145.6,2.99,3456.7,2.023,10833.987
146.0,3.02,3470.1,2.031,10869.029999999999
146.3,2.96,3474.5,2.039,10904.073
146.3,3.05,3474.9,2.047,10939.116
146.7,3.25,3475.7,2.0580000000000003,10988.531
147.1,3.34,3480.1,2.069,11037.946
147.2,3.56,3481.3,2.08,11087.361
147.5,4.01,3490.8,2.087666666666667,11108.966
147.9,4.25,3479.5,2.0953333333333335,11130.571
148.4,4.26,3488.2,2.103,11152.176
149.0,4.47,3485.7,2.115,11194.761333333334
149.3,4.73,3486.1,2.127,11237.346666666666
149.4,4.76,3484.3,2.139,11279.932
149.8,5.29,3487.2,2.144333333333333,11293.271666666667
150.1,5.45,3486.4,2.1496666666666666,11306.611333333332
150.5,5.53,3492.4,2.155,11319.951
150.9,5.92,3489.9,2.1536666666666666,11331.207666666665
151.2,5.98,3491.1,2.152333333333333,11342.464333333333
151.8,6.05,3499.2,2.151,11353.721
152.1,6.01,3524.2,2.1479999999999997,11385.917333333333
152.4,6.0,3548.9,2.145,11418.113666666666
152.6,5.85,3567.4,2.142,11450.31
152.9,5.74,3589.0,2.1436666666666664,11476.229
153.1,5.8,3602.1,2.1453333333333333,11502.148
153.5,5.76,3613.4,2.147,11528.067
153.7,5.8,3619.9,2.147,11556.850666666665
153.9,5.6,3629.5,2.147,11585.634333333333
154.7,5.56,3647.9,2.147,11614.418
155.0,5.22,3661.8,2.153,11678.992
155.5,5.31,3686.9,2.159,11743.565999999999
156.1,5.22,3697.7,2.165,11808.14
156.4,5.24,3709.6,2.167,11843.447666666667
156.7,5.27,3722.5,2.169,11878.755333333333
157.0,5.4,3737.1,2.171,11914.063
157.2,5.22,3744.0,2.1726666666666667,11955.300333333333
157.7,5.3,3753.4,2.1743333333333332,11996.537666666667
158.2,5.24,3772.8,2.176,12037.775
158.7,5.31,3795.1,2.1753333333333336,12063.673999999999
159.1,5.29,3818.6,2.1746666666666665,12089.573
159.4,5.25,3834.6,2.174,12115.472
159.7,5.19,3846.3,2.179333333333333,12182.721666666666
159.8,5.39,3861.2,2.1846666666666668,12249.971333333333
159.9,5.51,3877.0,2.19,12317.221
159.9,5.5,3889.2,2.1906666666666665,12368.484
160.2,5.56,3906.0,2.1913333333333336,12419.747
160.4,5.52,3923.9,2.192,12471.01
160.8,5.54,3957.4,2.1893333333333334,12506.505000000001
161.2,5.54,3973.1,2.186666666666667,12542.0
161.5,5.5,3992.3,2.184,12577.495
161.7,5.52,4014.8,2.1793333333333336,12619.577333333335
161.8,5.5,4032.9,2.1746666666666665,12661.659666666666
162.0,5.56,4056.2,2.17,12703.742
162.0,5.51,4088.9,2.165,12742.941
162.0,5.49,4114.3,2.1599999999999997,12782.14
162.2,5.45,4140.2,2.155,12821.339
162.6,5.49,4164.4,2.155,12875.143333333333
162.8,5.56,4184.1,2.155,12928.947666666667
163.2,5.54,4203.8,2.155,12982.752
163.4,5.55,4228.7,2.15,13052.391333333333
163.5,5.51,4267.7,2.145,13122.030666666667
163.9,5.07,4307.9,2.14,13191.67
164.1,4.83,4346.6,2.1363333333333334,13232.979
164.4,4.68,4375.6,2.1326666666666667,13274.288
164.7,4.63,4403.0,2.129,13315.597
164.7,4.76,4425.8,2.1273333333333335,13352.647333333332
164.8,4.81,4432.6,2.1256666666666666,13389.697666666667
165.9,4.74,4461.4,2.124,13426.748
166.0,4.74,4486.1,2.1253333333333333,13486.089
166.0,4.76,4508.0,2.126666666666667,13545.43
166.7,4.99,4535.4,2.128,13604.771
167.1,5.07,4552.7,2.1336666666666666,13679.174
167.8,5.22,4568.8,2.1393333333333335,13753.577
168.1,5.2,4592.7,2.145,13827.98
168.4,5.42,4611.8,2.1413333333333333,13844.702333333333
168.8,5.3,4639.3,2.1376666666666666,13861.424666666668
169.3,5.45,4667.6,2.134,13878.147
170.0,5.73,4680.9,2.139333333333333,13962.400666666666
171.0,5.85,4711.7,2.1446666666666667,14046.654333333334
170.9,6.02,4767.8,2.15,14130.908
171.2,6.27,4755.7,2.1466666666666665,14135.709333333332
172.2,6.53,4773.6,2.1433333333333335,14140.510666666667
172.7,6.54,4791.3,2.14,14145.312
172.7,6.5,4819.5,2.1373333333333333,14173.463
173.6,6.52,4855.3,2.134666666666667,14201.614
173.9,6.51,4871.4,2.132,14229.765
174.2,6.51,4882.8,2.116,14214.216666666667
174.6,6.4,4927.7,2.1,14198.668333333333
175.6,5.98,4978.4,2.084,14183.12
176.0,5.49,5017.1,2.075,14212.644666666667
176.1,5.31,5074.9,2.066,14242.169333333333
176.4,4.8,5139.2,2.057,14271.694
177.3,4.21,5137.3,2.0416666666666665,14252.634666666667
177.7,3.97,5180.3,2.0263333333333335,14233.575333333332
177.4,3.77,5210.2,2.011,14214.516
177.4,3.65,5243.9,2.0,14227.535333333333
178.1,3.07,5355.3,1.989,14240.554666666667
177.6,2.49,5344.0,1.978,14253.574
177.5,2.09,5387.7,1.974,14293.311
177.4,1.82,5440.7,1.97,14333.048
177.7,1.73,5461.1,1.966,14372.785
178.0,1.74,5490.4,1.967,14402.139333333333
178.5,1.73,5502.2,1.968,14431.493666666667
179.3,1.75,5502.3,1.969,14460.848
179.5,1.75,5528.5,1.9626666666666668,14480.443
179.6,1.75,5553.5,1.9563333333333333,14500.038
180.0,1.73,5596.2,1.95,14519.633
180.5,1.74,5638.4,1.9413333333333334,14525.615333333333
180.8,1.75,5662.5,1.9326666666666665,14531.597666666667
181.2,1.75,5707.2,1.924,14537.58
181.5,1.34,5758.2,1.92,14563.100333333334
181.8,1.24,5779.5,1.916,14588.620666666666
182.6,1.24,5812.3,1.912,14614.141
183.6,1.26,5848.4,1.9076666666666666,14657.283
183.9,1.25,5868.6,1.9033333333333333,14700.425
183.2,1.26,5905.7,1.899,14743.567
182.9,1.26,5965.5,1.9003333333333334,14825.305333333332
183.1,1.22,6002.4,1.9016666666666666,14907.043666666666
183.7,1.01,6049.4,1.903,14988.782
184.5,1.03,6107.3,1.9146666666666667,15046.774666666666
185.1,1.01,6079.9,1.9263333333333332,15104.767333333333
184.9,1.01,6070.2,1.938,15162.76
185.0,1.0,6075.7,1.9413333333333334,15191.4
185.5,0.98,6074.0,1.9446666666666665,15220.04
186.3,1.0,6082.2,1.948,15248.68
186.7,1.01,6121.9,1.9446666666666665,15288.07
187.1,1.0,6158.0,1.9413333333333334,15327.460000000001
187.4,1.0,6199.1,1.938,15366.85
188.2,1.0,6275.9,1.941,15415.439666666667
188.9,1.03,6278.1,1.944,15464.029333333334
189.1,1.26,6291.3,1.947,15512.619
189.2,1.43,6317.9,1.95,15565.372666666666
189.8,1.61,6352.3,1.953,15618.126333333334
190.8,1.76,6379.9,1.956,15670.88
191.7,1.93,6406.5,1.965,15728.829
191.7,2.16,6424.7,1.974,15786.778
191.6,2.28,6431.0,1.983,15844.727
192.4,2.5,6439.1,1.9863333333333335,15870.745333333334
193.1,2.63,6448.4,1.9896666666666667,15896.763666666666
193.7,2.79,6462.0,1.993,15922.782
193.6,3.0,6479.2,1.9946666666666668,15964.383666666667
193.7,3.04,6511.8,1.9963333333333333,16005.985333333332
194.9,3.26,6543.7,1.998,16047.587
196.1,3.5,6576.5,1.9983333333333333,16077.302666666666
198.8,3.62,6610.3,1.9986666666666668,16107.018333333333
199.1,3.78,6644.1,1.999,16136.734
198.1,4.0,6660.8,2.004,16209.101
198.1,4.16,6688.0,2.009,16281.467999999999
199.3,4.29,6730.3,2.014,16353.835
199.4,4.49,6754.9,2.014333333333333,16367.940333333334
199.7,4.59,6769.5,2.014666666666667,16382.045666666667
200.7,4.79,6807.0,2.015,16396.151
201.3,4.94,6813.9,2.011,16404.346666666668
201.8,4.99,6852.1,2.007,16412.542333333335
202.9,5.24,6893.9,2.003,16420.738
203.8,5.25,6925.3,2.0,16467.78066666667
202.8,5.25,6952.6,1.997,16514.823333333334
201.9,5.25,7002.0,1.994,16561.866
202.0,5.25,7037.5,1.993,16578.474000000002
203.1,5.24,7080.4,1.992,16595.082
203.437,5.25,7118.5,1.991,16611.69
204.226,5.26,7134.6,1.9883333333333335,16645.564666666665
205.288,5.26,7168.5,1.9856666666666667,16679.439333333332
205.904,5.25,7241.0,1.983,16713.314
206.755,5.25,7254.9,1.9803333333333335,16745.405
207.234,5.25,7288.1,1.9776666666666667,16777.496
207.603,5.26,7319.0,1.975,16809.587
207.667,5.02,7395.1,1.9746666666666668,16844.788333333334
208.547,4.94,7413.3,1.9743333333333333,16879.989666666665
209.19,4.76,7428.4,1.974,16915.191
210.834,4.49,7453.8,1.9613333333333334,16891.128333333334
211.445,4.24,7484.2,1.9486666666666665,16867.065666666665
212.174,3.94,7517.8,1.936,16843.003
212.687,2.98,7604.2,1.932,16876.432333333334
213.448,2.61,7670.3,1.928,16909.861666666668
213.942,2.28,7712.8,1.924,16943.291
215.208,1.98,7725.5,1.9173333333333333,16913.625666666667
217.463,2.0,7744.2,1.9106666666666665,16883.960333333333
219.016,2.01,7791.5,1.904,16854.295
218.69,2.0,7806.1,1.8726666666666667,16731.31333333333
218.877,1.81,7872.7,1.8413333333333333,16608.331666666665
216.995,0.97,7975.3,1.81,16485.35
213.153,0.39,8027.3,1.784,16422.98733333333
211.398,0.16,8205.0,1.758,16360.624666666667
211.933,0.15,8289.4,1.732,16298.262
212.705,0.22,8319.6,1.723,16288.556333333334
212.495,0.18,8386.7,1.714,16278.850666666667
212.709,0.15,8391.4,1.705,16269.145
213.022,0.18,8449.5,1.7056666666666667,16288.190333333334
214.79,0.21,8459.5,1.7063333333333335,16307.235666666667
214.726,0.16,8463.8,1.707,16326.281
215.445,0.16,8463.3,1.712,16385.105333333333
215.861,0.15,8461.8,1.717,16443.929666666667
216.509,0.12,8488.1,1.722,16502.754
217.234,0.12,8517.3,1.7263333333333333,16529.406
217.347,0.12,8512.5,1.7306666666666668,16556.058
217.488,0.11,8478.0,1.735,16582.71
217.281,0.13,8527.6,1.7373333333333334,16636.194
217.353,0.16,8523.7,1.7396666666666667,16689.678
217.403,0.2,8555.1,1.742,16743.162
217.29,0.2,8609.3,1.7426666666666666,16786.196666666667
217.199,0.18,8628.4,1.7433333333333334,16829.231333333333
217.605,0.18,8639.8,1.744,16872.266
217.923,0.19,8688.2,1.743,16901.798666666666
218.275,0.19,8718.9,1.742,16931.331333333335
219.035,0.19,8768.7,1.741,16960.864
219.59,0.19,8789.3,1.7353333333333334,16947.453333333335
220.472,0.18,8822.9,1.7296666666666667,16934.042666666668
221.187,0.17,8845.2,1.724,16920.632
221.898,0.16,8909.0,1.719,16958.792666666668
223.046,0.14,8967.0,1.714,16996.953333333335
224.093,0.1,9030.4,1.709,17035.114
224.806,0.09,9102.7,1.69,17033.847
224.806,0.09,9176.7,1.671,17032.579999999998
225.395,0.07,9338.7,1.652,17031.313
226.106,0.1,9525.1,1.6496666666666666,17095.069666666666
226.597,0.08,9545.3,1.6473333333333333,17158.82633333333
226.75,0.07,9578.1,1.645,17222.583
227.169,0.08,9629.8,1.6433333333333333,17270.725333333332
227.223,0.07,9677.4,1.6416666666666666,17318.867666666665
227.842,0.08,9750.5,1.64,17367.01
228.329,0.1,9802.2,1.6363333333333332,17392.84833333333
228.807,0.13,9846.2,1.6326666666666667,17418.68666666667
229.187,0.14,9899.8,1.629,17444.525
228.713,0.16,9943.0,1.6223333333333334,17452.9
228.524,0.16,10013.0,1.6156666666666666,17461.275
228.59,0.16,10065.7,1.609,17469.65
229.918,0.13,10136.4,1.6006666666666667,17476.384000000002
231.015,0.14,10216.6,1.5923333333333334,17483.118
231.638,0.16,10282.8,1.584,17489.852
231.249,0.16,10351.8,1.583,17547.368
231.221,0.16,10474.4,1.582,17604.884000000002
231.679,0.14,10497.6,1.581,17662.4
232.937,0.15,10516.6,1.578,17678.157
232.282,0.14,10572.9,1.575,17693.914
231.797,0.15,10600.4,1.572,17709.671
231.893,0.11,10634.7,1.5716666666666668,17759.930666666667
232.445,0.09,10692.3,1.5713333333333332,17810.190333333332
232.9,0.09,10731.5,1.571,17860.45
233.456,0.08,10789.6,1.5683333333333334,17912.349000000002
233.544,0.08,10850.0,1.5656666666666665,17964.248
233.669,0.09,10974.2,1.563,18016.147
234.1,0.08,10982.9,1.555,17995.422666666665
234.719,0.09,11047.8,1.547,17974.698333333334
235.288,0.07,11117.6,1.539,17953.974
235.547,0.07,11183.2,1.5416666666666665,18031.286333333333
236.028,0.08,11219.1,1.5443333333333333,18108.598666666665
236.468,0.09,11264.0,1.547,18185.911
236.918,0.09,11328.5,1.5486666666666666,18259.587666666666
237.231,0.1,11383.7,1.5503333333333333,18333.264333333333
237.498,0.09,11438.4,1.552,18406.941
237.46,0.09,11462.5,1.548,18437.970999999998
237.477,0.09,11503.7,1.544,18469.001
237.43,0.09,11577.5,1.54,18500.031
236.983,0.09,11618.2,1.5346666666666666,18555.560999999998
236.252,0.12,11701.9,1.5293333333333334,18611.091
234.747,0.11,11774.2,1.524,18666.621
235.342,0.11,11880.4,1.525,18705.161666666667
235.976,0.11,11892.9,1.526,18743.70233333333
236.222,0.12,11932.5,1.527,18782.243
237.001,0.12,11963.8,1.5243333333333333,18807.301333333333
237.657,0.13,12011.1,1.5216666666666665,18832.359666666667
238.034,0.13,12061.1,1.519,18857.418
238.033,0.14,12110.8,1.5126666666666666,18869.014
237.498,0.14,12170.3,1.5063333333333333,18880.61
237.733,0.12,12211.2,1.5,18892.206
238.017,0.12,12301.0,1.4916666666666667,18928.700666666664
237.761,0.24,12361.5,1.4833333333333334,18965.195333333333
237.652,0.34,12490.8,1.475,19001.69
237.336,0.38,12557.6,1.4716666666666667,19022.029666666665
238.08,0.36,12620.2,1.4683333333333335,19042.369333333332
238.992,0.37,12703.7,1.465,19062.709
239.557,0.37,12775.9,1.462,19107.785333333333
240.222,0.38,12841.1,1.459,19152.861666666664
240.101,0.39,12902.2,1.456,19197.938
240.545,0.4,12988.9,1.4536666666666667,19233.409333333333
241.176,0.4,13047.9,1.4513333333333334,19268.880666666664
241.741,0.4,13112.8,1.449,19304.352
242.026,0.41,13182.4,1.4473333333333334,19335.682333333334
242.637,0.54,13215.3,1.4456666666666667,19367.012666666666
243.618,0.65,13286.4,1.444,19398.343
244.006,0.66,13351.2,1.4416666666666667,19434.545000000002
243.892,0.79,13420.1,1.4393333333333334,19470.747
244.193,0.9,13481.0,1.437,19506.949
244.004,0.91,13539.7,1.4376666666666666,19558.221333333335
244.163,1.04,13564.1,1.4383333333333335,19609.493666666665
244.243,1.15,13628.9,1.439,19660.766
245.183,1.16,13688.0,1.4426666666666668,19734.628
246.435,1.15,13733.8,1.4463333333333332,19808.489999999998
246.626,1.15,13788.5,1.45,19882.352
247.284,1.16,13814.7,1.4536666666666667,19936.26033333333
247.805,1.3,13860.3,1.4573333333333334,19990.16866666667
248.859,1.41,13869.2,1.461,20044.077
249.529,1.42,13907.3,1.462,20079.543333333335
249.577,1.51,13966.4,1.463,20115.009666666665
250.227,1.69,13989.3,1.464,20150.476
250.792,1.7,14055.7,1.4643333333333333,20192.368666666665
251.018,1.82,14117.5,1.4646666666666668,20234.261333333332
251.214,1.91,14157.0,1.465,20276.154
251.663,1.91,14206.0,1.4646666666666668,20285.727333333332
252.182,1.95,14238.2,1.4643333333333333,20295.300666666666
252.772,2.19,14248.1,1.464,20304.874
252.594,2.2,14258.7,1.4623333333333333,20347.129666666668
252.767,2.27,14369.9,1.4606666666666668,20389.38533333333
252.561,2.4,14432.7,1.459,20431.641
253.319,2.4,14470.5,1.459,20488.519
254.277,2.41,14513.9,1.459,20545.397
255.233,2.42,14548.1,1.459,20602.275
255.296,2.39,14660.8,1.457,20682.624
255.213,2.38,14782.9,1.455,20762.973
255.802,2.4,14865.4,1.453,20843.322
256.036,2.13,14947.6,1.4476666666666667,20890.697333333334
256.43,2.04,15039.5,1.4423333333333335,20938.072666666667
257.155,1.83,15174.6,1.437,20985.448
257.879,1.55,15273.3,1.422,20888.04466666667
258.63,1.55,15334.3,1.407,20790.641333333333
259.127,1.55,15401.3,1.392,20693.238
259.25,1.58,15453.8,1.3039999999999998,20147.697666666667
258.076,0.65,15980.6,1.216,19602.157333333333
256.032,0.05,16999.0,1.128,19056.617
255.802,0.05,17868.4,1.144,19554.009
257.042,0.08,18161.5,1.16,20051.401
258.352,0.09,18311.4,1.176,20548.793
259.316,0.1,18382.2,1.1723333333333332,20623.092333333334
259.997,0.09,18606.8,1.1686666666666667,20697.391666666666
260.319,0.09,18758.1,1.165,20771.691
260.911,0.09,18973.3,1.1626666666666667,20867.253666666667
262.045,0.09,19110.3,1.1603333333333332,20962.816333333332
